{"peg_left_1": [[-1.3246386051177979, -1.5074886083602905, 1.2319848537445068, 0.19293475151062012, 1.3295236825942993, 0.9027765989303589, 0.7039802074432373], [-1.3246386051177979, -1.5074886083602905, 1.2319848537445068, 0.19293475151062012, 1.3295236825942993, 0.9027765989303589, 0.7039802074432373], [-1.3246386051177979, -1.5074886083602905, 1.2319848537445068, 0.19293475151062012, 1.3295236825942993, 0.9027765989303589, 0.7039802074432373], [-1.3246386051177979, -1.5074886083602905, 1.2319848537445068, 0.19293475151062012, 1.3295236825942993, 0.9027765989303589, 0.7039802074432373], [-1.3246386051177979, -1.5074886083602905, 1.2319848537445068, 0.19293475151062012, 1.3295236825942993, 0.9027765989303589, 0.7039802074432373], [-1.3246386051177979, -1.5074886083602905, 1.2319848537445068, 0.19293475151062012, 1.3295236825942993, 0.9027765989303589, 0.7039802074432373]], "peg_left_2": [[-1.3128901720046997, -1.5813767910003662, 1.2830827236175537, 0.23766478896141052, 1.3820271492004395, 0.8988908529281616, 0.5808249115943909], [-1.3086079359054565, -1.6308404207229614, 1.2738968133926392, 0.2586028575897217, 1.3822617530822754, 0.9051661491394043, 0.5869165658950806], [-1.3086079359054565, -1.6308404207229614, 1.2738968133926392, 0.2586028575897217, 1.3822617530822754, 0.9051661491394043, 0.5869165658950806], [-1.3086079359054565, -1.6308404207229614, 1.2738968133926392, 0.2586028575897217, 1.3822617530822754, 0.9051661491394043, 0.5869165658950806], [-1.3086079359054565, -1.6308404207229614, 1.2738968133926392, 0.2586028575897217, 1.3822617530822754, 0.9051661491394043, 0.5869165658950806]], "peg_left_3": [[-1.2690050601959229, -1.6951969861984253, 1.2744280099868774, 0.3202987015247345, 1.4525249004364014, 1.0660171508789062, 0.5253928899765015], [-1.2690050601959229, -1.6951969861984253, 1.2744280099868774, 0.3202987015247345, 1.4525249004364014, 1.0660171508789062, 0.5253928899765015], [-1.2690050601959229, -1.6951969861984253, 1.2744280099868774, 0.3202987015247345, 1.4525249004364014, 1.0660171508789062, 0.5253928899765015], [-1.2690050601959229, -1.6951969861984253, 1.2744280099868774, 0.3202987015247345, 1.4525249004364014, 1.0660171508789062, 0.5253928899765015], [-1.2690050601959229, -1.6951969861984253, 1.2744280099868774, 0.3202987015247345, 1.4525249004364014, 1.0660171508789062, 0.5253928899765015], [-1.2690050601959229, -1.6951969861984253, 1.2744280099868774, 0.3202987015247345, 1.4525249004364014, 1.0660171508789062, 0.5253928899765015], [-1.2690050601959229, -1.6951969861984253, 1.2744280099868774, 0.3202987015247345, 1.4525249004364014, 1.0660171508789062, 0.5253928899765015], [-1.2690050601959229, -1.6951969861984253, 1.2744280099868774, 0.3202987015247345, 1.4525249004364014, 1.0660171508789062, 0.5253928899765015]], "peg_left_4": [[-1.1762014627456665, -1.7872462272644043, 1.250435471534729, 0.37240055203437805, 1.4523041248321533, 1.1778044700622559, 0.45823895931243896], [-1.1762014627456665, -1.7872462272644043, 1.250435471534729, 0.37240055203437805, 1.4523041248321533, 1.1778043508529663, 0.45823895931243896], [-1.1762014627456665, -1.7872461080551147, 1.250435471534729, 0.37240055203437805, 1.4523041248321533, 1.1778043508529663, 0.45823895931243896], [-1.1762014627456665, -1.7872461080551147, 1.250435471534729, 0.37240055203437805, 1.4523041248321533, 1.1778043508529663, 0.45823895931243896], [-1.1762014627456665, -1.7872461080551147, 1.250435471534729, 0.37240055203437805, 1.4523041248321533, 1.1778043508529663, 0.45823895931243896], [-1.1762014627456665, -1.7872461080551147, 1.250435471534729, 0.37240055203437805, 1.4523041248321533, 1.1778043508529663, 0.45823895931243896], [-1.1762014627456665, -1.7872461080551147, 1.250435471534729, 0.37240055203437805, 1.4523041248321533, 1.1778043508529663, 0.45823895931243896]], "peg_left_5": [[-1.144890546798706, -1.7335776090621948, 1.2399466037750244, 0.34351491928100586, 1.3867366313934326, 1.034478783607483, 0.5833686590194702], [-1.144890546798706, -1.7335776090621948, 1.2399466037750244, 0.34351491928100586, 1.3867366313934326, 1.034478783607483, 0.5833686590194702], [-1.144890546798706, -1.7335776090621948, 1.2399466037750244, 0.34351491928100586, 1.3867366313934326, 1.034478783607483, 0.5833686590194702], [-1.144890546798706, -1.7335776090621948, 1.2399466037750244, 0.34351491928100586, 1.3867366313934326, 1.034478783607483, 0.5833686590194702], [-1.144890546798706, -1.7335776090621948, 1.2399466037750244, 0.34351491928100586, 1.3867366313934326, 1.034478783607483, 0.5833686590194702], [-1.144890546798706, -1.7335776090621948, 1.2399466037750244, 0.34351491928100586, 1.3867366313934326, 1.034478783607483, 0.5833686590194702], [-1.144890546798706, -1.7335776090621948, 1.2399466037750244, 0.34351491928100586, 1.3867366313934326, 1.034478783607483, 0.5833686590194702], [-1.144890546798706, -1.7335776090621948, 1.2399466037750244, 0.34351491928100586, 1.3867366313934326, 1.034478783607483, 0.5833686590194702], [-1.144890546798706, -1.7335776090621948, 1.2399466037750244, 0.34351491928100586, 1.3867366313934326, 1.034478783607483, 0.5833686590194702], [-1.144890546798706, -1.7335776090621948, 1.2399466037750244, 0.34351491928100586, 1.3867366313934326, 1.034478783607483, 0.5833686590194702], [-1.144890546798706, -1.7335776090621948, 1.2399466037750244, 0.34351491928100586, 1.3867366313934326, 1.034478783607483, 0.5833686590194702], [-1.144890546798706, -1.7335776090621948, 1.2399466037750244, 0.34351491928100586, 1.3867366313934326, 1.034478783607483, 0.5833686590194702], [-1.144890546798706, -1.7335776090621948, 1.2399466037750244, 0.34351491928100586, 1.3867366313934326, 1.034478783607483, 0.5833686590194702]], "peg_left_6": [[-1.1997127532958984, -1.6085669994354248, 1.259441614151001, 0.27869364619255066, 1.3521336317062378, 0.88204425573349, 0.5255523920059204], [-1.1997127532958984, -1.6085669994354248, 1.259441614151001, 0.27869364619255066, 1.3521336317062378, 0.88204425573349, 0.5255523920059204], [-1.1997127532958984, -1.6085669994354248, 1.259441614151001, 0.27869364619255066, 1.3521336317062378, 0.88204425573349, 0.5255523920059204], [-1.1997127532958984, -1.6085669994354248, 1.259441614151001, 0.27869364619255066, 1.3521336317062378, 0.88204425573349, 0.5255523920059204], [-1.1997127532958984, -1.6085669994354248, 1.259441614151001, 0.27869364619255066, 1.3521336317062378, 0.88204425573349, 0.5255523920059204], [-1.1997127532958984, -1.6085669994354248, 1.259441614151001, 0.27869364619255066, 1.3521336317062378, 0.88204425573349, 0.5255523920059204], [-1.1997127532958984, -1.6085669994354248, 1.259441614151001, 0.27869364619255066, 1.3521336317062378, 0.88204425573349, 0.5255523920059204], [-1.1997127532958984, -1.6085669994354248, 1.259441614151001, 0.27869364619255066, 1.3521336317062378, 0.88204425573349, 0.5255523920059204], [-1.1997127532958984, -1.6085669994354248, 1.259441614151001, 0.27869364619255066, 1.3521336317062378, 0.88204425573349, 0.5255523920059204], [-1.1997127532958984, -1.6085669994354248, 1.259441614151001, 0.27869364619255066, 1.3521336317062378, 0.88204425573349, 0.5255523920059204], [-1.1997127532958984, -1.6085669994354248, 1.259441614151001, 0.27869364619255066, 1.3521336317062378, 0.88204425573349, 0.5255523920059204], [-1.1997127532958984, -1.6085669994354248, 1.259441614151001, 0.27869364619255066, 1.3521336317062378, 0.88204425573349, 0.5255523920059204], [-1.1997127532958984, -1.6085669994354248, 1.259441614151001, 0.27869364619255066, 1.3521336317062378, 0.88204425573349, 0.5255523920059204]],